id,text,category,timestamp
1,"Record 1 Lorem ipsum dolor sit amet consectetur adipiscing elit sed do eiusmod tempor incididunt ut labore et dolore magna aliqua",3,2025-01-01T00:31:05Z
2,"Record 2 Lorem ipsum dolor sit amet consectetur adipiscing elit sed do eiusmod tempor incididunt ut labore et dolore magna aliqua",6,2025-01-01T02:00:43Z
3,"Record 3 Lorem ipsum dolor sit amet consectetur adipiscing elit sed do eiusmod tempor incididunt ut labore et dolore magna aliqua",4,2025-01-01T16:28:59Z
4,"Record 4 Lorem ipsum dolor sit amet consectetur adipiscing elit sed do eiusmod tempor incididunt ut labore et dolore magna aliqua",7,2025-01-01T03:08:59Z
5,"Record 5 Lorem ipsum dolor sit amet consectetur adipiscing elit sed do eiusmod tempor incididunt ut labore et dolore magna aliqua",7,2025-01-01T09:51:52Z
6,"Record 6 Lorem ipsum dolor sit amet consectetur adipiscing elit sed do eiusmod tempor incididunt ut labore et dolore magna aliqua",8,2025-01-01T17:17:32Z
7,"Record 7 Lorem ipsum dolor sit amet consectetur adipiscing elit sed do eiusmod tempor incididunt ut labore et dolore magna aliqua",6,2025-01-01T01:41:21Z
8,"Record 8 Lorem ipsum dolor sit amet consectetur adipiscing elit sed do eiusmod tempor incididunt ut labore et dolore magna aliqua",1,2025-01-01T21:20:03Z
9,"Record 9 Lorem ipsum dolor sit amet consectetur adipiscing elit sed do eiusmod tempor incididunt ut labore et dolore magna aliqua",0,2025-01-01T04:29:34Z
10,"Record 10 Lorem ipsum dolor sit amet consectetur adipiscing elit sed do eiusmod tempor incididunt ut labore et dolore magna aliqua",4,2025-01-01T06:51:21Z
11,"Record 11 Lorem ipsum dolor sit amet consectetur adipiscing elit sed do eiusmod tempor incididunt ut labore et dolore magna aliqua",1,2025-01-01T16:51:30Z
12,"Record 12 Lorem ipsum dolor sit amet consectetur adipiscing elit sed do eiusmod tempor incididunt ut labore et dolore magna aliqua",0,2025-01-01T23:37:23Z
13,"Record 13 Lorem ipsum dolor sit amet consectetur adipiscing elit sed do eiusmod tempor incididunt ut labore et dolore magna aliqua",0,2025-01-01T01:51:42Z
14,"Record 14 Lorem ipsum dolor sit amet consectetur adipiscing elit sed do eiusmod tempor incididunt ut labore et dolore magna aliqua",1,2025-01-01T06:58:35Z
15,"Record 15 Lorem ipsum dolor sit amet consectetur adipiscing elit sed do eiusmod tempor incididunt ut labore et dolore magna aliqua",6,2025-01-01T10:18:47Z
16,"Record 16 Lorem ipsum dolor sit amet consectetur adipiscing elit sed do eiusmod tempor incididunt ut labore et dolore magna aliqua",2,2025-01-01T12:37:16Z
17,"Record 17 Lorem ipsum dolor sit amet consectetur adipiscing elit sed do eiusmod tempor incididunt ut labore et dolore magna aliqua",2,2025-01-01T11:37:11Z
18,"Record 18 Lorem ipsum dolor sit amet consectetur adipiscing elit sed do eiusmod tempor incididunt ut labore et dolore magna aliqua",3,2025-01-01T06:06:51Z
19,"Record 19 Lorem ipsum dolor sit amet consectetur adipiscing elit sed do eiusmod tempor incididunt ut labore et dolore magna aliqua",9,2025-01-01T01:24:51Z
20,"Record 20 Lorem ipsum dolor sit amet consectetur adipiscing elit sed do eiusmod tempor incididunt ut labore et dolore magna aliqua",1,2025-01-01T01:11:22Z
21,"Record 21 Lorem ipsum dolor sit amet consectetur adipiscing elit sed do eiusmod tempor incididunt ut labore et dolore magna aliqua",4,2025-01-01T08:50:10Z
22,"Record 22 Lorem ipsum dolor sit amet consectetur adipiscing elit sed do eiusmod tempor incididunt ut labore et dolore magna aliqua",3,2025-01-01T23:12:58Z
23,"Record 23 Lorem ipsum dolor sit amet consectetur adipiscing elit sed do eiusmod tempor incididunt ut labore et dolore magna aliqua",3,2025-01-01T04:30:32Z
24,"Record 24 Lorem ipsum dolor sit amet consectetur adipiscing elit sed do eiusmod tempor incididunt ut labore et dolore magna aliqua",4,2025-01-01T07:53:54Z
25,"Record 25 Lorem ipsum dolor sit amet consectetur adipiscing elit sed do eiusmod tempor incididunt ut labore et dolore magna aliqua",2,2025-01-01T11:32:39Z
26,"Record 26 Lorem ipsum dolor sit amet consectetur adipiscing elit sed do eiusmod tempor incididunt ut labore et dolore magna aliqua",0,2025-01-01T00:07:27Z
27,"Record 27 Lorem ipsum dolor sit amet consectetur adipiscing elit sed do eiusmod tempor incididunt ut labore et dolore magna aliqua",9,2025-01-01T23:50:06Z
28,"Record 28 Lorem ipsum dolor sit amet consectetur adipiscing elit sed do eiusmod tempor incididunt ut labore et dolore magna aliqua",6,2025-01-01T14:37:45Z
29,"Record 29 Lorem ipsum dolor sit amet consectetur adipiscing elit sed do eiusmod tempor incididunt ut labore et dolore magna aliqua",8,2025-01-01T20:57:35Z
30,"Record 30 Lorem ipsum dolor sit amet consectetur adipiscing elit sed do eiusmod tempor incididunt ut labore et dolore magna aliqua",2,2025-01-01T13:40:23Z
31,"Record 31 Lorem ipsum dolor sit amet consectetur adipiscing elit sed do eiusmod tempor incididunt ut labore et dolore magna aliqua",0,2025-01-01T06:04:10Z
32,"Record 32 Lorem ipsum dolor sit amet consectetur adipiscing elit sed do eiusmod tempor incididunt ut labore et dolore magna aliqua",2,2025-01-01T01:16:30Z
33,"Record 33 Lorem ipsum dolor sit amet consectetur adipiscing elit sed do eiusmod tempor incididunt ut labore et dolore magna aliqua",7,2025-01-01T18:20:18Z
34,"Record 34 Lorem ipsum dolor sit amet consectetur adipiscing elit sed do eiusmod tempor incididunt ut labore et dolore magna aliqua",6,2025-01-01T16:55:57Z
35,"Record 35 Lorem ipsum dolor sit amet consectetur adipiscing elit sed do eiusmod tempor incididunt ut labore et dolore magna aliqua",2,2025-01-01T20:13:12Z
36,"Record 36 Lorem ipsum dolor sit amet consectetur adipiscing elit sed do eiusmod tempor incididunt ut labore et dolore magna aliqua",3,2025-01-01T01:09:23Z
37,"Record 37 Lorem ipsum dolor sit amet consectetur adipiscing elit sed do eiusmod tempor incididunt ut labore et dolore magna aliqua",0,2025-01-01T11:07:13Z
38,"Record 38 Lorem ipsum dolor sit amet consectetur adipiscing elit sed do eiusmod tempor incididunt ut labore et dolore magna aliqua",6,2025-01-01T18:27:49Z
39,"Record 39 Lorem ipsum dolor sit amet consectetur adipiscing elit sed do eiusmod tempor incididunt ut labore et dolore magna aliqua",4,2025-01-01T19:49:51Z
40,"Record 40 Lorem ipsum dolor sit amet consectetur adipiscing elit sed do eiusmod tempor incididunt ut labore et dolore magna aliqua",0,2025-01-01T13:24:52Z
41,"Record 41 Lorem ipsum dolor sit amet consectetur adipiscing elit sed do eiusmod tempor incididunt ut labore et dolore magna aliqua",4,2025-01-01T00:14:24Z
42,"Record 42 Lorem ipsum dolor sit amet consectetur adipiscing elit sed do eiusmod tempor incididunt ut labore et dolore magna aliqua",5,2025-01-01T01:42:12Z
43,"Record 43 Lorem ipsum dolor sit amet consectetur adipiscing elit sed do eiusmod tempor incididunt ut labore et dolore magna aliqua",3,2025-01-01T01:16:34Z
44,"Record 44 Lorem ipsum dolor sit amet consectetur adipiscing elit sed do eiusmod tempor incididunt ut labore et dolore magna aliqua",9,2025-01-01T09:33:01Z
45,"Record 45 Lorem ipsum dolor sit amet consectetur adipiscing elit sed do eiusmod tempor incididunt ut labore et dolore magna aliqua",9,2025-01-01T21:21:27Z
46,"Record 46 Lorem ipsum dolor sit amet consectetur adipiscing elit sed do eiusmod tempor incididunt ut labore et dolore magna aliqua",8,2025-01-01T07:11:13Z
47,"Record 47 Lorem ipsum dolor sit amet consectetur adipiscing elit sed do eiusmod tempor incididunt ut labore et dolore magna aliqua",9,2025-01-01T03:30:03Z
48,"Record 48 Lorem ipsum dolor sit amet consectetur adipiscing elit sed do eiusmod tempor incididunt ut labore et dolore magna aliqua",6,2025-01-01T02:47:47Z
49,"Record 49 Lorem ipsum dolor sit amet consectetur adipiscing elit sed do eiusmod tempor incididunt ut labore et dolore magna aliqua",6,2025-01-01T23:36:47Z
50,"Record 50 Lorem ipsum dolor sit amet consectetur adipiscing elit sed do eiusmod tempor incididunt ut labore et dolore magna aliqua",3,2025-01-01T15:33:06Z
51,"Record 51 Lorem ipsum dolor sit amet consectetur adipiscing elit sed do eiusmod tempor incididunt ut labore et dolore magna aliqua",3,2025-01-01T16:06:34Z
52,"Record 52 Lorem ipsum dolor sit amet consectetur adipiscing elit sed do eiusmod tempor incididunt ut labore et dolore magna aliqua",5,2025-01-01T14:43:06Z
53,"Record 53 Lorem ipsum dolor sit amet consectetur adipiscing elit sed do eiusmod tempor incididunt ut labore et dolore magna aliqua",9,2025-01-01T07:38:54Z
54,"Record 54 Lorem ipsum dolor sit amet consectetur adipiscing elit sed do eiusmod tempor incididunt ut labore et dolore magna aliqua",8,2025-01-01T21:00:59Z
55,"Record 55 Lorem ipsum dolor sit amet consectetur adipiscing elit sed do eiusmod tempor incididunt ut labore et dolore magna aliqua",5,2025-01-01T19:34:22Z
56,"Record 56 Lorem ipsum dolor sit amet consectetur adipiscing elit sed do eiusmod tempor incididunt ut labore et dolore magna aliqua",7,2025-01-01T06:25:39Z
57,"Record 57 Lorem ipsum dolor sit amet consectetur adipiscing elit sed do eiusmod tempor incididunt ut labore et dolore magna aliqua",0,2025-01-01T14:25:53Z
58,"Record 58 Lorem ipsum dolor sit amet consectetur adipiscing elit sed do eiusmod tempor incididunt ut labore et dolore magna aliqua",6,2025-01-01T14:42:53Z
59,"Record 59 Lorem ipsum dolor sit amet consectetur adipiscing elit sed do eiusmod tempor incididunt ut labore et dolore magna aliqua",9,2025-01-01T07:09:32Z
60,"Record 60 Lorem ipsum dolor sit amet consectetur adipiscing elit sed do eiusmod tempor incididunt ut labore et dolore magna aliqua",6,2025-01-01T08:53:42Z
61,"Record 61 Lorem ipsum dolor sit amet consectetur adipiscing elit sed do eiusmod tempor incididunt ut labore et dolore magna aliqua",7,2025-01-01T10:53:02Z
62,"Record 62 Lorem ipsum dolor sit amet consectetur adipiscing elit sed do eiusmod tempor incididunt ut labore et dolore magna aliqua",1,2025-01-01T01:22:34Z
63,"Record 63 Lorem ipsum dolor sit amet consectetur adipiscing elit sed do eiusmod tempor incididunt ut labore et dolore magna aliqua",5,2025-01-01T22:57:24Z
64,"Record 64 Lorem ipsum dolor sit amet consectetur adipiscing elit sed do eiusmod tempor incididunt ut labore et dolore magna aliqua",5,2025-01-01T00:50:44Z
65,"Record 65 Lorem ipsum dolor sit amet consectetur adipiscing elit sed do eiusmod tempor incididunt ut labore et dolore magna aliqua",4,2025-01-01T06:46:11Z
66,"Record 66 Lorem ipsum dolor sit amet consectetur adipiscing elit sed do eiusmod tempor incididunt ut labore et dolore magna aliqua",8,2025-01-01T19:05:03Z
67,"Record 67 Lorem ipsum dolor sit amet consectetur adipiscing elit sed do eiusmod tempor incididunt ut labore et dolore magna aliqua",6,2025-01-01T22:06:36Z
68,"Record 68 Lorem ipsum dolor sit amet consectetur adipiscing elit sed do eiusmod tempor incididunt ut labore et dolore magna aliqua",8,2025-01-01T02:13:52Z
69,"Record 69 Lorem ipsum dolor sit amet consectetur adipiscing elit sed do eiusmod tempor incididunt ut labore et dolore magna aliqua",8,2025-01-01T16:32:31Z
70,"Record 70 Lorem ipsum dolor sit amet consectetur adipiscing elit sed do eiusmod tempor incididunt ut labore et dolore magna aliqua",5,2025-01-01T19:04:02Z
71,"Record 71 Lorem ipsum dolor sit amet consectetur adipiscing elit sed do eiusmod tempor incididunt ut labore et dolore magna aliqua",1,2025-01-01T01:31:28Z
72,"Record 72 Lorem ipsum dolor sit amet consectetur adipiscing elit sed do eiusmod tempor incididunt ut labore et dolore magna aliqua",4,2025-01-01T16:35:58Z
73,"Record 73 Lorem ipsum dolor sit amet consectetur adipiscing elit sed do eiusmod tempor incididunt ut labore et dolore magna aliqua",5,2025-01-01T01:23:57Z
74,"Record 74 Lorem ipsum dolor sit amet consectetur adipiscing elit sed do eiusmod tempor incididunt ut labore et dolore magna aliqua",0,2025-01-01T05:39:05Z
75,"Record 75 Lorem ipsum dolor sit amet consectetur adipiscing elit sed do eiusmod tempor incididunt ut labore et dolore magna aliqua",2,2025-01-01T11:15:51Z
76,"Record 76 Lorem ipsum dolor sit amet consectetur adipiscing elit sed do eiusmod tempor incididunt ut labore et dolore magna aliqua",5,2025-01-01T03:51:10Z
77,"Record 77 Lorem ipsum dolor sit amet consectetur adipiscing elit sed do eiusmod tempor incididunt ut labore et dolore magna aliqua",3,2025-01-01T11:55:47Z
78,"Record 78 Lorem ipsum dolor sit amet consectetur adipiscing elit sed do eiusmod tempor incididunt ut labore et dolore magna aliqua",4,2025-01-01T15:39:53Z
79,"Record 79 Lorem ipsum dolor sit amet consectetur adipiscing elit sed do eiusmod tempor incididunt ut labore et dolore magna aliqua",6,2025-01-01T01:50:51Z
80,"Record 80 Lorem ipsum dolor sit amet consectetur adipiscing elit sed do eiusmod tempor incididunt ut labore et dolore magna aliqua",4,2025-01-01T02:38:19Z
81,"Record 81 Lorem ipsum dolor sit amet consectetur adipiscing elit sed do eiusmod tempor incididunt ut labore et dolore magna aliqua",4,2025-01-01T09:32:29Z
82,"Record 82 Lorem ipsum dolor sit amet consectetur adipiscing elit sed do eiusmod tempor incididunt ut labore et dolore magna aliqua",2,2025-01-01T13:59:12Z
83,"Record 83 Lorem ipsum dolor sit amet consectetur adipiscing elit sed do eiusmod tempor incididunt ut labore et dolore magna aliqua",0,2025-01-01T22:29:31Z
84,"Record 84 Lorem ipsum dolor sit amet consectetur adipiscing elit sed do eiusmod tempor incididunt ut labore et dolore magna aliqua",7,2025-01-01T22:23:54Z
85,"Record 85 Lorem ipsum dolor sit amet consectetur adipiscing elit sed do eiusmod tempor incididunt ut labore et dolore magna aliqua",4,2025-01-01T01:53:10Z
86,"Record 86 Lorem ipsum dolor sit amet consectetur adipiscing elit sed do eiusmod tempor incididunt ut labore et dolore magna aliqua",9,2025-01-01T08:23:52Z
87,"Record 87 Lorem ipsum dolor sit amet consectetur adipiscing elit sed do eiusmod tempor incididunt ut labore et dolore magna aliqua",9,2025-01-01T21:11:55Z
88,"Record 88 Lorem ipsum dolor sit amet consectetur adipiscing elit sed do eiusmod tempor incididunt ut labore et dolore magna aliqua",2,2025-01-01T07:34:42Z
89,"Record 89 Lorem ipsum dolor sit amet consectetur adipiscing elit sed do eiusmod tempor incididunt ut labore et dolore magna aliqua",9,2025-01-01T03:14:27Z
90,"Record 90 Lorem ipsum dolor sit amet consectetur adipiscing elit sed do eiusmod tempor incididunt ut labore et dolore magna aliqua",3,2025-01-01T10:07:45Z
91,"Record 91 Lorem ipsum dolor sit amet consectetur adipiscing elit sed do eiusmod tempor incididunt ut labore et dolore magna aliqua",4,2025-01-01T01:25:16Z
92,"Record 92 Lorem ipsum dolor sit amet consectetur adipiscing elit sed do eiusmod tempor incididunt ut labore et dolore magna aliqua",7,2025-01-01T10:31:44Z
93,"Record 93 Lorem ipsum dolor sit amet consectetur adipiscing elit sed do eiusmod tempor incididunt ut labore et dolore magna aliqua",6,2025-01-01T04:04:39Z
94,"Record 94 Lorem ipsum dolor sit amet consectetur adipiscing elit sed do eiusmod tempor incididunt ut labore et dolore magna aliqua",6,2025-01-01T17:01:39Z
95,"Record 95 Lorem ipsum dolor sit amet consectetur adipiscing elit sed do eiusmod tempor incididunt ut labore et dolore magna aliqua",2,2025-01-01T04:00:05Z
96,"Record 96 Lorem ipsum dolor sit amet consectetur adipiscing elit sed do eiusmod tempor incididunt ut labore et dolore magna aliqua",3,2025-01-01T03:18:31Z
97,"Record 97 Lorem ipsum dolor sit amet consectetur adipiscing elit sed do eiusmod tempor incididunt ut labore et dolore magna aliqua",2,2025-01-01T10:16:31Z
98,"Record 98 Lorem ipsum dolor sit amet consectetur adipiscing elit sed do eiusmod tempor incididunt ut labore et dolore magna aliqua",0,2025-01-01T03:15:40Z
99,"Record 99 Lorem ipsum dolor sit amet consectetur adipiscing elit sed do eiusmod tempor incididunt ut labore et dolore magna aliqua",6,2025-01-01T11:59:03Z
100,"Record 100 Lorem ipsum dolor sit amet consectetur adipiscing elit sed do eiusmod tempor incididunt ut labore et dolore magna aliqua",5,2025-01-01T14:51:49Z
101,"Record 101 Lorem ipsum dolor sit amet consectetur adipiscing elit sed do eiusmod tempor incididunt ut labore et dolore magna aliqua",8,2025-01-01T15:39:42Z
102,"Record 102 Lorem ipsum dolor sit amet consectetur adipiscing elit sed do eiusmod tempor incididunt ut labore et dolore magna aliqua",0,2025-01-01T17:21:54Z
103,"Record 103 Lorem ipsum dolor sit amet consectetur adipiscing elit sed do eiusmod tempor incididunt ut labore et dolore magna aliqua",7,2025-01-01T22:14:45Z
104,"Record 104 Lorem ipsum dolor sit amet consectetur adipiscing elit sed do eiusmod tempor incididunt ut labore et dolore magna aliqua",2,2025-01-01T04:51:00Z
105,"Record 105 Lorem ipsum dolor sit amet consectetur adipiscing elit sed do eiusmod tempor incididunt ut labore et dolore magna aliqua",3,2025-01-01T18:25:57Z
106,"Record 106 Lorem ipsum dolor sit amet consectetur adipiscing elit sed do eiusmod tempor incididunt ut labore et dolore magna aliqua",0,2025-01-01T23:51:39Z
107,"Record 107 Lorem ipsum dolor sit amet consectetur adipiscing elit sed do eiusmod tempor incididunt ut labore et dolore magna aliqua",4,2025-01-01T05:01:44Z
108,"Record 108 Lorem ipsum dolor sit amet consectetur adipiscing elit sed do eiusmod tempor incididunt ut labore et dolore magna aliqua",2,2025-01-01T14:56:37Z
109,"Record 109 Lorem ipsum dolor sit amet consectetur adipiscing elit sed do eiusmod tempor incididunt ut labore et dolore magna aliqua",1,2025-01-01T05:39:19Z
110,"Record 110 Lorem ipsum dolor sit amet consectetur adipiscing elit sed do eiusmod tempor incididunt ut labore et dolore magna aliqua",2,2025-01-01T19:03:14Z
111,"Record 111 Lorem ipsum dolor sit amet consectetur adipiscing elit sed do eiusmod tempor incididunt ut labore et dolore magna aliqua",0,2025-01-01T14:32:48Z
112,"Record 112 Lorem ipsum dolor sit amet consectetur adipiscing elit sed do eiusmod tempor incididunt ut labore et dolore magna aliqua",0,2025-01-01T16:44:10Z
113,"Record 113 Lorem ipsum dolor sit amet consectetur adipiscing elit sed do eiusmod tempor incididunt ut labore et dolore magna aliqua",7,2025-01-01T07:28:31Z
114,"Record 114 Lorem ipsum dolor sit amet consectetur adipiscing elit sed do eiusmod tempor incididunt ut labore et dolore magna aliqua",7,2025-01-01T01:28:53Z
115,"Record 115 Lorem ipsum dolor sit amet consectetur adipiscing elit sed do eiusmod tempor incididunt ut labore et dolore magna aliqua",8,2025-01-01T21:20:48Z
116,"Record 116 Lorem ipsum dolor sit amet consectetur adipiscing elit sed do eiusmod tempor incididunt ut labore et dolore magna aliqua",0,2025-01-01T23:10:21Z
117,"Record 117 Lorem ipsum dolor sit amet consectetur adipiscing elit sed do eiusmod tempor incididunt ut labore et dolore magna aliqua",5,2025-01-01T07:05:59Z
118,"Record 118 Lorem ipsum dolor sit amet consectetur adipiscing elit sed do eiusmod tempor incididunt ut labore et dolore magna aliqua",0,2025-01-01T16:03:48Z
119,"Record 119 Lorem ipsum dolor sit amet consectetur adipiscing elit sed do eiusmod tempor incididunt ut labore et dolore magna aliqua",9,2025-01-01T08:43:56Z
120,"Record 120 Lorem ipsum dolor sit amet consectetur adipiscing elit sed do eiusmod tempor incididunt ut labore et dolore magna aliqua",4,2025-01-01T00:37:06Z
121,"Record 121 Lorem ipsum dolor sit amet consectetur adipiscing elit sed do eiusmod tempor incididunt ut labore et dolore magna aliqua",1,2025-01-01T14:03:52Z
122,"Record 122 Lorem ipsum dolor sit amet consectetur adipiscing elit sed do eiusmod tempor incididunt ut labore et dolore magna aliqua",5,2025-01-01T10:54:52Z
123,"Record 123 Lorem ipsum dolor sit amet consectetur adipiscing elit sed do eiusmod tempor incididunt ut labore et dolore magna aliqua",4,2025-01-01T07:04:19Z
124,"Record 124 Lorem ipsum dolor sit amet consectetur adipiscing elit sed do eiusmod tempor incididunt ut labore et dolore magna aliqua",1,2025-01-01T07:58:24Z
125,"Record 125 Lorem ipsum dolor sit amet consectetur adipiscing elit sed do eiusmod tempor incididunt ut labore et dolore magna aliqua",4,2025-01-01T10:12:30Z
126,"Record 126 Lorem ipsum dolor sit amet consectetur adipiscing elit sed do eiusmod tempor incididunt ut labore et dolore magna aliqua",6,2025-01-01T01:30:16Z
127,"Record 127 Lorem ipsum dolor sit amet consectetur adipiscing elit sed do eiusmod tempor incididunt ut labore et dolore magna aliqua",6,2025-01-01T23:08:26Z
128,"Record 128 Lorem ipsum dolor sit amet consectetur adipiscing elit sed do eiusmod tempor incididunt ut labore et dolore magna aliqua",6,2025-01-01T00:03:56Z
129,"Record 129 Lorem ipsum dolor sit amet consectetur adipiscing elit sed do eiusmod tempor incididunt ut labore et dolore magna aliqua",3,2025-01-01T05:35:31Z
130,"Record 130 Lorem ipsum dolor sit amet consectetur adipiscing elit sed do eiusmod tempor incididunt ut labore et dolore magna aliqua",4,2025-01-01T16:01:58Z
131,"Record 131 Lorem ipsum dolor sit amet consectetur adipiscing elit sed do eiusmod tempor incididunt ut labore et dolore magna aliqua",8,2025-01-01T16:41:05Z
132,"Record 132 Lorem ipsum dolor sit amet consectetur adipiscing elit sed do eiusmod tempor incididunt ut labore et dolore magna aliqua",6,2025-01-01T14:57:23Z
133,"Record 133 Lorem ipsum dolor sit amet consectetur adipiscing elit sed do eiusmod tempor incididunt ut labore et dolore magna aliqua",5,2025-01-01T02:46:56Z
134,"Record 134 Lorem ipsum dolor sit amet consectetur adipiscing elit sed do eiusmod tempor incididunt ut labore et dolore magna aliqua",6,2025-01-01T05:19:30Z
135,"Record 135 Lorem ipsum dolor sit amet consectetur adipiscing elit sed do eiusmod tempor incididunt ut labore et dolore magna aliqua",5,2025-01-01T11:02:16Z
136,"Record 136 Lorem ipsum dolor sit amet consectetur adipiscing elit sed do eiusmod tempor incididunt ut labore et dolore magna aliqua",7,2025-01-01T16:47:54Z
137,"Record 137 Lorem ipsum dolor sit amet consectetur adipiscing elit sed do eiusmod tempor incididunt ut labore et dolore magna aliqua",4,2025-01-01T00:31:19Z
138,"Record 138 Lorem ipsum dolor sit amet consectetur adipiscing elit sed do eiusmod tempor incididunt ut labore et dolore magna aliqua",1,2025-01-01T00:41:58Z
139,"Record 139 Lorem ipsum dolor sit amet consectetur adipiscing elit sed do eiusmod tempor incididunt ut labore et dolore magna aliqua",3,2025-01-01T22:57:42Z
140,"Record 140 Lorem ipsum dolor sit amet consectetur adipiscing elit sed do eiusmod tempor incididunt ut labore et dolore magna aliqua",4,2025-01-01T09:44:33Z
141,"Record 141 Lorem ipsum dolor sit amet consectetur adipiscing elit sed do eiusmod tempor incididunt ut labore et dolore magna aliqua",8,2025-01-01T11:42:28Z
142,"Record 142 Lorem ipsum dolor sit amet consectetur adipiscing elit sed do eiusmod tempor incididunt ut labore et dolore magna aliqua",2,2025-01-01T21:14:23Z
143,"Record 143 Lorem ipsum dolor sit amet consectetur adipiscing elit sed do eiusmod tempor incididunt ut labore et dolore magna aliqua",3,2025-01-01T17:10:22Z
144,"Record 144 Lorem ipsum dolor sit amet consectetur adipiscing elit sed do eiusmod tempor incididunt ut labore et dolore magna aliqua",0,2025-01-01T16:15:53Z
145,"Record 145 Lorem ipsum dolor sit amet consectetur adipiscing elit sed do eiusmod tempor incididunt ut labore et dolore magna aliqua",8,2025-01-01T10:11:59Z
146,"Record 146 Lorem ipsum dolor sit amet consectetur adipiscing elit sed do eiusmod tempor incididunt ut labore et dolore magna aliqua",4,2025-01-01T08:38:06Z
147,"Record 147 Lorem ipsum dolor sit amet consectetur adipiscing elit sed do eiusmod tempor incididunt ut labore et dolore magna aliqua",8,2025-01-01T00:44:24Z
148,"Record 148 Lorem ipsum dolor sit amet consectetur adipiscing elit sed do eiusmod tempor incididunt ut labore et dolore magna aliqua",1,2025-01-01T04:32:01Z
149,"Record 149 Lorem ipsum dolor sit amet consectetur adipiscing elit sed do eiusmod tempor incididunt ut labore et dolore magna aliqua",2,2025-01-01T18:37:17Z
150,"Record 150 Lorem ipsum dolor sit amet consectetur adipiscing elit sed do eiusmod tempor incididunt ut labore et dolore magna aliqua",3,2025-01-01T02:40:08Z
151,"Record 151 Lorem ipsum dolor sit amet consectetur adipiscing elit sed do eiusmod tempor incididunt ut labore et dolore magna aliqua",2,2025-01-01T10:27:39Z
152,"Record 152 Lorem ipsum dolor sit amet consectetur adipiscing elit sed do eiusmod tempor incididunt ut labore et dolore magna aliqua",8,2025-01-01T15:12:33Z
153,"Record 153 Lorem ipsum dolor sit amet consectetur adipiscing elit sed do eiusmod tempor incididunt ut labore et dolore magna aliqua",1,2025-01-01T10:04:31Z
154,"Record 154 Lorem ipsum dolor sit amet consectetur adipiscing elit sed do eiusmod tempor incididunt ut labore et dolore magna aliqua",1,2025-01-01T21:34:59Z
155,"Record 155 Lorem ipsum dolor sit amet consectetur adipiscing elit sed do eiusmod tempor incididunt ut labore et dolore magna aliqua",5,2025-01-01T08:43:12Z
156,"Record 156 Lorem ipsum dolor sit amet consectetur adipiscing elit sed do eiusmod tempor incididunt ut labore et dolore magna aliqua",2,2025-01-01T12:32:19Z
157,"Record 157 Lorem ipsum dolor sit amet consectetur adipiscing elit sed do eiusmod tempor incididunt ut labore et dolore magna aliqua",9,2025-01-01T12:45:44Z
158,"Record 158 Lorem ipsum dolor sit amet consectetur adipiscing elit sed do eiusmod tempor incididunt ut labore et dolore magna aliqua",7,2025-01-01T16:16:15Z
159,"Record 159 Lorem ipsum dolor sit amet consectetur adipiscing elit sed do eiusmod tempor incididunt ut labore et dolore magna aliqua",1,2025-01-01T22:41:17Z
160,"Record 160 Lorem ipsum dolor sit amet consectetur adipiscing elit sed do eiusmod tempor incididunt ut labore et dolore magna aliqua",2,2025-01-01T08:15:41Z
161,"Record 161 Lorem ipsum dolor sit amet consectetur adipiscing elit sed do eiusmod tempor incididunt ut labore et dolore magna aliqua",5,2025-01-01T11:34:10Z
162,"Record 162 Lorem ipsum dolor sit amet consectetur adipiscing elit sed do eiusmod tempor incididunt ut labore et dolore magna aliqua",6,2025-01-01T11:42:08Z
163,"Record 163 Lorem ipsum dolor sit amet consectetur adipiscing elit sed do eiusmod tempor incididunt ut labore et dolore magna aliqua",9,2025-01-01T05:04:59Z
164,"Record 164 Lorem ipsum dolor sit amet consectetur adipiscing elit sed do eiusmod tempor incididunt ut labore et dolore magna aliqua",1,2025-01-01T07:44:36Z
165,"Record 165 Lorem ipsum dolor sit amet consectetur adipiscing elit sed do eiusmod tempor incididunt ut labore et dolore magna aliqua",9,2025-01-01T13:27:31Z
166,"Record 166 Lorem ipsum dolor sit amet consectetur adipiscing elit sed do eiusmod tempor incididunt ut labore et dolore magna aliqua",9,2025-01-01T21:49:22Z
167,"Record 167 Lorem ipsum dolor sit amet consectetur adipiscing elit sed do eiusmod tempor incididunt ut labore et dolore magna aliqua",2,2025-01-01T17:38:38Z
168,"Record 168 Lorem ipsum dolor sit amet consectetur adipiscing elit sed do eiusmod tempor incididunt ut labore et dolore magna aliqua",0,2025-01-01T18:46:03Z
169,"Record 169 Lorem ipsum dolor sit amet consectetur adipiscing elit sed do eiusmod tempor incididunt ut labore et dolore magna aliqua",2,2025-01-01T08:36:03Z
170,"Record 170 Lorem ipsum dolor sit amet consectetur adipiscing elit sed do eiusmod tempor incididunt ut labore et dolore magna aliqua",3,2025-01-01T12:56:09Z
171,"Record 171 Lorem ipsum dolor sit amet consectetur adipiscing elit sed do eiusmod tempor incididunt ut labore et dolore magna aliqua",7,2025-01-01T13:11:34Z
172,"Record 172 Lorem ipsum dolor sit amet consectetur adipiscing elit sed do eiusmod tempor incididunt ut labore et dolore magna aliqua",4,2025-01-01T19:34:20Z
173,"Record 173 Lorem ipsum dolor sit amet consectetur adipiscing elit sed do eiusmod tempor incididunt ut labore et dolore magna aliqua",6,2025-01-01T04:13:00Z
174,"Record 174 Lorem ipsum dolor sit amet consectetur adipiscing elit sed do eiusmod tempor incididunt ut labore et dolore magna aliqua",6,2025-01-01T11:21:48Z
175,"Record 175 Lorem ipsum dolor sit amet consectetur adipiscing elit sed do eiusmod tempor incididunt ut labore et dolore magna aliqua",5,2025-01-01T02:12:59Z
176,"Record 176 Lorem ipsum dolor sit amet consectetur adipiscing elit sed do eiusmod tempor incididunt ut labore et dolore magna aliqua",2,2025-01-01T18:17:42Z
177,"Record 177 Lorem ipsum dolor sit amet consectetur adipiscing elit sed do eiusmod tempor incididunt ut labore et dolore magna aliqua",9,2025-01-01T01:51:46Z
178,"Record 178 Lorem ipsum dolor sit amet consectetur adipiscing elit sed do eiusmod tempor incididunt ut labore et dolore magna aliqua",1,2025-01-01T17:00:49Z
179,"Record 179 Lorem ipsum dolor sit amet consectetur adipiscing elit sed do eiusmod tempor incididunt ut labore et dolore magna aliqua",4,2025-01-01T07:05:57Z
180,"Record 180 Lorem ipsum dolor sit amet consectetur adipiscing elit sed do eiusmod tempor incididunt ut labore et dolore magna aliqua",0,2025-01-01T19:51:28Z
181,"Record 181 Lorem ipsum dolor sit amet consectetur adipiscing elit sed do eiusmod tempor incididunt ut labore et dolore magna aliqua",4,2025-01-01T16:09:45Z
182,"Record 182 Lorem ipsum dolor sit amet consectetur adipiscing elit sed do eiusmod tempor incididunt ut labore et dolore magna aliqua",0,2025-01-01T19:06:55Z
183,"Record 183 Lorem ipsum dolor sit amet consectetur adipiscing elit sed do eiusmod tempor incididunt ut labore et dolore magna aliqua",8,2025-01-01T16:38:57Z
184,"Record 184 Lorem ipsum dolor sit amet consectetur adipiscing elit sed do eiusmod tempor incididunt ut labore et dolore magna aliqua",6,2025-01-01T00:45:26Z
185,"Record 185 Lorem ipsum dolor sit amet consectetur adipiscing elit sed do eiusmod tempor incididunt ut labore et dolore magna aliqua",0,2025-01-01T16:11:19Z
186,"Record 186 Lorem ipsum dolor sit amet consectetur adipiscing elit sed do eiusmod tempor incididunt ut labore et dolore magna aliqua",2,2025-01-01T04:39:17Z
187,"Record 187 Lorem ipsum dolor sit amet consectetur adipiscing elit sed do eiusmod tempor incididunt ut labore et dolore magna aliqua",0,2025-01-01T16:16:22Z
188,"Record 188 Lorem ipsum dolor sit amet consectetur adipiscing elit sed do eiusmod tempor incididunt ut labore et dolore magna aliqua",0,2025-01-01T12:40:57Z
189,"Record 189 Lorem ipsum dolor sit amet consectetur adipiscing elit sed do eiusmod tempor incididunt ut labore et dolore magna aliqua",0,2025-01-01T03:43:59Z
190,"Record 190 Lorem ipsum dolor sit amet consectetur adipiscing elit sed do eiusmod tempor incididunt ut labore et dolore magna aliqua",2,2025-01-01T23:17:08Z
191,"Record 191 Lorem ipsum dolor sit amet consectetur adipiscing elit sed do eiusmod tempor incididunt ut labore et dolore magna aliqua",0,2025-01-01T22:17:02Z
192,"Record 192 Lorem ipsum dolor sit amet consectetur adipiscing elit sed do eiusmod tempor incididunt ut labore et dolore magna aliqua",8,2025-01-01T23:12:17Z
193,"Record 193 Lorem ipsum dolor sit amet consectetur adipiscing elit sed do eiusmod tempor incididunt ut labore et dolore magna aliqua",2,2025-01-01T15:01:10Z
194,"Record 194 Lorem ipsum dolor sit amet consectetur adipiscing elit sed do eiusmod tempor incididunt ut labore et dolore magna aliqua",5,2025-01-01T08:26:54Z
195,"Record 195 Lorem ipsum dolor sit amet consectetur adipiscing elit sed do eiusmod tempor incididunt ut labore et dolore magna aliqua",4,2025-01-01T14:32:59Z
196,"Record 196 Lorem ipsum dolor sit amet consectetur adipiscing elit sed do eiusmod tempor incididunt ut labore et dolore magna aliqua",5,2025-01-01T23:11:51Z
197,"Record 197 Lorem ipsum dolor sit amet consectetur adipiscing elit sed do eiusmod tempor incididunt ut labore et dolore magna aliqua",1,2025-01-01T19:22:22Z
198,"Record 198 Lorem ipsum dolor sit amet consectetur adipiscing elit sed do eiusmod tempor incididunt ut labore et dolore magna aliqua",2,2025-01-01T05:57:43Z
199,"Record 199 Lorem ipsum dolor sit amet consectetur adipiscing elit sed do eiusmod tempor incididunt ut labore et dolore magna aliqua",0,2025-01-01T22:03:24Z
200,"Record 200 Lorem ipsum dolor sit amet consectetur adipiscing elit sed do eiusmod tempor incididunt ut labore et dolore magna aliqua",5,2025-01-01T20:09:35Z
201,"Record 201 Lorem ipsum dolor sit amet consectetur adipiscing elit sed do eiusmod tempor incididunt ut labore et dolore magna aliqua",3,2025-01-01T20:40:00Z
202,"Record 202 Lorem ipsum dolor sit amet consectetur adipiscing elit sed do eiusmod tempor incididunt ut labore et dolore magna aliqua",5,2025-01-01T14:06:46Z
203,"Record 203 Lorem ipsum dolor sit amet consectetur adipiscing elit sed do eiusmod tempor incididunt ut labore et dolore magna aliqua",6,2025-01-01T01:18:35Z
204,"Record 204 Lorem ipsum dolor sit amet consectetur adipiscing elit sed do eiusmod tempor incididunt ut labore et dolore magna aliqua",5,2025-01-01T08:45:38Z
205,"Record 205 Lorem ipsum dolor sit amet consectetur adipiscing elit sed do eiusmod tempor incididunt ut labore et dolore magna aliqua",8,2025-01-01T05:13:29Z
206,"Record 206 Lorem ipsum dolor sit amet consectetur adipiscing elit sed do eiusmod tempor incididunt ut labore et dolore magna aliqua",3,2025-01-01T19:47:06Z
207,"Record 207 Lorem ipsum dolor sit amet consectetur adipiscing elit sed do eiusmod tempor incididunt ut labore et dolore magna aliqua",6,2025-01-01T04:01:45Z
208,"Record 208 Lorem ipsum dolor sit amet consectetur adipiscing elit sed do eiusmod tempor incididunt ut labore et dolore magna aliqua",1,2025-01-01T22:10:18Z
209,"Record 209 Lorem ipsum dolor sit amet consectetur adipiscing elit sed do eiusmod tempor incididunt ut labore et dolore magna aliqua",2,2025-01-01T02:11:28Z
210,"Record 210 Lorem ipsum dolor sit amet consectetur adipiscing elit sed do eiusmod tempor incididunt ut labore et dolore magna aliqua",6,2025-01-01T07:18:25Z
211,"Record 211 Lorem ipsum dolor sit amet consectetur adipiscing elit sed do eiusmod tempor incididunt ut labore et dolore magna aliqua",6,2025-01-01T21:05:37Z
212,"Record 212 Lorem ipsum dolor sit amet consectetur adipiscing elit sed do eiusmod tempor incididunt ut labore et dolore magna aliqua",9,2025-01-01T22:25:04Z
213,"Record 213 Lorem ipsum dolor sit amet consectetur adipiscing elit sed do eiusmod tempor incididunt ut labore et dolore magna aliqua",7,2025-01-01T05:09:53Z
214,"Record 214 Lorem ipsum dolor sit amet consectetur adipiscing elit sed do eiusmod tempor incididunt ut labore et dolore magna aliqua",8,2025-01-01T21:26:27Z
215,"Record 215 Lorem ipsum dolor sit amet consectetur adipiscing elit sed do eiusmod tempor incididunt ut labore et dolore magna aliqua",5,2025-01-01T22:50:31Z
216,"Record 216 Lorem ipsum dolor sit amet consectetur adipiscing elit sed do eiusmod tempor incididunt ut labore et dolore magna aliqua",2,2025-01-01T08:56:27Z
217,"Record 217 Lorem ipsum dolor sit amet consectetur adipiscing elit sed do eiusmod tempor incididunt ut labore et dolore magna aliqua",8,2025-01-01T06:34:11Z
218,"Record 218 Lorem ipsum dolor sit amet consectetur adipiscing elit sed do eiusmod tempor incididunt ut labore et dolore magna aliqua",6,2025-01-01T13:31:57Z
219,"Record 219 Lorem ipsum dolor sit amet consectetur adipiscing elit sed do eiusmod tempor incididunt ut labore et dolore magna aliqua",2,2025-01-01T18:11:42Z
220,"Record 220 Lorem ipsum dolor sit amet consectetur adipiscing elit sed do eiusmod tempor incididunt ut labore et dolore magna aliqua",8,2025-01-01T03:29:17Z
221,"Record 221 Lorem ipsum dolor sit amet consectetur adipiscing elit sed do eiusmod tempor incididunt ut labore et dolore magna aliqua",8,2025-01-01T09:40:30Z
222,"Record 222 Lorem ipsum dolor sit amet consectetur adipiscing elit sed do eiusmod tempor incididunt ut labore et dolore magna aliqua",4,2025-01-01T13:11:39Z
223,"Record 223 Lorem ipsum dolor sit amet consectetur adipiscing elit sed do eiusmod tempor incididunt ut labore et dolore magna aliqua",0,2025-01-01T05:29:51Z
224,"Record 224 Lorem ipsum dolor sit amet consectetur adipiscing elit sed do eiusmod tempor incididunt ut labore et dolore magna aliqua",0,2025-01-01T11:23:45Z
225,"Record 225 Lorem ipsum dolor sit amet consectetur adipiscing elit sed do eiusmod tempor incididunt ut labore et dolore magna aliqua",0,2025-01-01T15:23:19Z
226,"Record 226 Lorem ipsum dolor sit amet consectetur adipiscing elit sed do eiusmod tempor incididunt ut labore et dolore magna aliqua",2,2025-01-01T09:09:41Z
227,"Record 227 Lorem ipsum dolor sit amet consectetur adipiscing elit sed do eiusmod tempor incididunt ut labore et dolore magna aliqua",1,2025-01-01T11:21:20Z
228,"Record 228 Lorem ipsum dolor sit amet consectetur adipiscing elit sed do eiusmod tempor incididunt ut labore et dolore magna aliqua",2,2025-01-01T02:19:51Z
229,"Record 229 Lorem ipsum dolor sit amet consectetur adipiscing elit sed do eiusmod tempor incididunt ut labore et dolore magna aliqua",7,2025-01-01T06:40:04Z
230,"Record 230 Lorem ipsum dolor sit amet consectetur adipiscing elit sed do eiusmod tempor incididunt ut labore et dolore magna aliqua",9,2025-01-01T04:27:48Z
231,"Record 231 Lorem ipsum dolor sit amet consectetur adipiscing elit sed do eiusmod tempor incididunt ut labore et dolore magna aliqua",6,2025-01-01T21:02:11Z
232,"Record 232 Lorem ipsum dolor sit amet consectetur adipiscing elit sed do eiusmod tempor incididunt ut labore et dolore magna aliqua",7,2025-01-01T04:38:31Z
233,"Record 233 Lorem ipsum dolor sit amet consectetur adipiscing elit sed do eiusmod tempor incididunt ut labore et dolore magna aliqua",3,2025-01-01T01:05:50Z
234,"Record 234 Lorem ipsum dolor sit amet consectetur adipiscing elit sed do eiusmod tempor incididunt ut labore et dolore magna aliqua",6,2025-01-01T18:50:51Z
235,"Record 235 Lorem ipsum dolor sit amet consectetur adipiscing elit sed do eiusmod tempor incididunt ut labore et dolore magna aliqua",0,2025-01-01T11:48:10Z
236,"Record 236 Lorem ipsum dolor sit amet consectetur adipiscing elit sed do eiusmod tempor incididunt ut labore et dolore magna aliqua",9,2025-01-01T12:47:39Z
237,"Record 237 Lorem ipsum dolor sit amet consectetur adipiscing elit sed do eiusmod tempor incididunt ut labore et dolore magna aliqua",0,2025-01-01T00:37:05Z
238,"Record 238 Lorem ipsum dolor sit amet consectetur adipiscing elit sed do eiusmod tempor incididunt ut labore et dolore magna aliqua",1,2025-01-01T10:40:57Z
239,"Record 239 Lorem ipsum dolor sit amet consectetur adipiscing elit sed do eiusmod tempor incididunt ut labore et dolore magna aliqua",7,2025-01-01T12:50:49Z
240,"Record 240 Lorem ipsum dolor sit amet consectetur adipiscing elit sed do eiusmod tempor incididunt ut labore et dolore magna aliqua",5,2025-01-01T00:02:55Z
241,"Record 241 Lorem ipsum dolor sit amet consectetur adipiscing elit sed do eiusmod tempor incididunt ut labore et dolore magna aliqua",5,2025-01-01T04:59:24Z
242,"Record 242 Lorem ipsum dolor sit amet consectetur adipiscing elit sed do eiusmod tempor incididunt ut labore et dolore magna aliqua",6,2025-01-01T20:05:25Z
243,"Record 243 Lorem ipsum dolor sit amet consectetur adipiscing elit sed do eiusmod tempor incididunt ut labore et dolore magna aliqua",2,2025-01-01T12:50:15Z
244,"Record 244 Lorem ipsum dolor sit amet consectetur adipiscing elit sed do eiusmod tempor incididunt ut labore et dolore magna aliqua",2,2025-01-01T08:14:33Z
245,"Record 245 Lorem ipsum dolor sit amet consectetur adipiscing elit sed do eiusmod tempor incididunt ut labore et dolore magna aliqua",0,2025-01-01T23:54:04Z
246,"Record 246 Lorem ipsum dolor sit amet consectetur adipiscing elit sed do eiusmod tempor incididunt ut labore et dolore magna aliqua",4,2025-01-01T06:25:47Z
247,"Record 247 Lorem ipsum dolor sit amet consectetur adipiscing elit sed do eiusmod tempor incididunt ut labore et dolore magna aliqua",8,2025-01-01T03:25:18Z
248,"Record 248 Lorem ipsum dolor sit amet consectetur adipiscing elit sed do eiusmod tempor incididunt ut labore et dolore magna aliqua",6,2025-01-01T01:51:57Z
249,"Record 249 Lorem ipsum dolor sit amet consectetur adipiscing elit sed do eiusmod tempor incididunt ut labore et dolore magna aliqua",8,2025-01-01T05:44:05Z
250,"Record 250 Lorem ipsum dolor sit amet consectetur adipiscing elit sed do eiusmod tempor incididunt ut labore et dolore magna aliqua",3,2025-01-01T03:06:46Z
251,"Record 251 Lorem ipsum dolor sit amet consectetur adipiscing elit sed do eiusmod tempor incididunt ut labore et dolore magna aliqua",7,2025-01-01T20:26:55Z
252,"Record 252 Lorem ipsum dolor sit amet consectetur adipiscing elit sed do eiusmod tempor incididunt ut labore et dolore magna aliqua",7,2025-01-01T07:44:29Z
253,"Record 253 Lorem ipsum dolor sit amet consectetur adipiscing elit sed do eiusmod tempor incididunt ut labore et dolore magna aliqua",9,2025-01-01T18:30:58Z
254,"Record 254 Lorem ipsum dolor sit amet consectetur adipiscing elit sed do eiusmod tempor incididunt ut labore et dolore magna aliqua",2,2025-01-01T06:32:26Z
255,"Record 255 Lorem ipsum dolor sit amet consectetur adipiscing elit sed do eiusmod tempor incididunt ut labore et dolore magna aliqua",6,2025-01-01T15:14:51Z
256,"Record 256 Lorem ipsum dolor sit amet consectetur adipiscing elit sed do eiusmod tempor incididunt ut labore et dolore magna aliqua",3,2025-01-01T17:15:58Z
257,"Record 257 Lorem ipsum dolor sit amet consectetur adipiscing elit sed do eiusmod tempor incididunt ut labore et dolore magna aliqua",7,2025-01-01T00:14:09Z
258,"Record 258 Lorem ipsum dolor sit amet consectetur adipiscing elit sed do eiusmod tempor incididunt ut labore et dolore magna aliqua",5,2025-01-01T07:27:13Z
259,"Record 259 Lorem ipsum dolor sit amet consectetur adipiscing elit sed do eiusmod tempor incididunt ut labore et dolore magna aliqua",6,2025-01-01T11:28:47Z
260,"Record 260 Lorem ipsum dolor sit amet consectetur adipiscing elit sed do eiusmod tempor incididunt ut labore et dolore magna aliqua",4,2025-01-01T09:17:44Z
261,"Record 261 Lorem ipsum dolor sit amet consectetur adipiscing elit sed do eiusmod tempor incididunt ut labore et dolore magna aliqua",7,2025-01-01T09:07:55Z
262,"Record 262 Lorem ipsum dolor sit amet consectetur adipiscing elit sed do eiusmod tempor incididunt ut labore et dolore magna aliqua",7,2025-01-01T01:14:16Z
263,"Record 263 Lorem ipsum dolor sit amet consectetur adipiscing elit sed do eiusmod tempor incididunt ut labore et dolore magna aliqua",3,2025-01-01T10:11:51Z
264,"Record 264 Lorem ipsum dolor sit amet consectetur adipiscing elit sed do eiusmod tempor incididunt ut labore et dolore magna aliqua",0,2025-01-01T10:13:28Z
265,"Record 265 Lorem ipsum dolor sit amet consectetur adipiscing elit sed do eiusmod tempor incididunt ut labore et dolore magna aliqua",3,2025-01-01T11:01:32Z
266,"Record 266 Lorem ipsum dolor sit amet consectetur adipiscing elit sed do eiusmod tempor incididunt ut labore et dolore magna aliqua",0,2025-01-01T09:26:52Z
267,"Record 267 Lorem ipsum dolor sit amet consectetur adipiscing elit sed do eiusmod tempor incididunt ut labore et dolore magna aliqua",1,2025-01-01T09:22:03Z
268,"Record 268 Lorem ipsum dolor sit amet consectetur adipiscing elit sed do eiusmod tempor incididunt ut labore et dolore magna aliqua",9,2025-01-01T07:47:28Z
269,"Record 269 Lorem ipsum dolor sit amet consectetur adipiscing elit sed do eiusmod tempor incididunt ut labore et dolore magna aliqua",7,2025-01-01T10:24:12Z
270,"Record 270 Lorem ipsum dolor sit amet consectetur adipiscing elit sed do eiusmod tempor incididunt ut labore et dolore magna aliqua",7,2025-01-01T06:45:17Z
271,"Record 271 Lorem ipsum dolor sit amet consectetur adipiscing elit sed do eiusmod tempor incididunt ut labore et dolore magna aliqua",7,2025-01-01T10:44:12Z
272,"Record 272 Lorem ipsum dolor sit amet consectetur adipiscing elit sed do eiusmod tempor incididunt ut labore et dolore magna aliqua",7,2025-01-01T20:28:51Z
273,"Record 273 Lorem ipsum dolor sit amet consectetur adipiscing elit sed do eiusmod tempor incididunt ut labore et dolore magna aliqua",6,2025-01-01T14:18:43Z
274,"Record 274 Lorem ipsum dolor sit amet consectetur adipiscing elit sed do eiusmod tempor incididunt ut labore et dolore magna aliqua",8,2025-01-01T16:34:12Z
275,"Record 275 Lorem ipsum dolor sit amet consectetur adipiscing elit sed do eiusmod tempor incididunt ut labore et dolore magna aliqua",3,2025-01-01T17:23:51Z
276,"Record 276 Lorem ipsum dolor sit amet consectetur adipiscing elit sed do eiusmod tempor incididunt ut labore et dolore magna aliqua",6,2025-01-01T17:50:27Z
277,"Record 277 Lorem ipsum dolor sit amet consectetur adipiscing elit sed do eiusmod tempor incididunt ut labore et dolore magna aliqua",7,2025-01-01T19:39:39Z
278,"Record 278 Lorem ipsum dolor sit amet consectetur adipiscing elit sed do eiusmod tempor incididunt ut labore et dolore magna aliqua",8,2025-01-01T10:12:14Z
279,"Record 279 Lorem ipsum dolor sit amet consectetur adipiscing elit sed do eiusmod tempor incididunt ut labore et dolore magna aliqua",3,2025-01-01T17:58:55Z
280,"Record 280 Lorem ipsum dolor sit amet consectetur adipiscing elit sed do eiusmod tempor incididunt ut labore et dolore magna aliqua",7,2025-01-01T05:27:04Z
281,"Record 281 Lorem ipsum dolor sit amet consectetur adipiscing elit sed do eiusmod tempor incididunt ut labore et dolore magna aliqua",1,2025-01-01T10:17:46Z
282,"Record 282 Lorem ipsum dolor sit amet consectetur adipiscing elit sed do eiusmod tempor incididunt ut labore et dolore magna aliqua",1,2025-01-01T19:12:48Z
283,"Record 283 Lorem ipsum dolor sit amet consectetur adipiscing elit sed do eiusmod tempor incididunt ut labore et dolore magna aliqua",3,2025-01-01T04:08:42Z
284,"Record 284 Lorem ipsum dolor sit amet consectetur adipiscing elit sed do eiusmod tempor incididunt ut labore et dolore magna aliqua",7,2025-01-01T10:10:32Z
285,"Record 285 Lorem ipsum dolor sit amet consectetur adipiscing elit sed do eiusmod tempor incididunt ut labore et dolore magna aliqua",7,2025-01-01T16:00:04Z
286,"Record 286 Lorem ipsum dolor sit amet consectetur adipiscing elit sed do eiusmod tempor incididunt ut labore et dolore magna aliqua",9,2025-01-01T18:10:54Z
287,"Record 287 Lorem ipsum dolor sit amet consectetur adipiscing elit sed do eiusmod tempor incididunt ut labore et dolore magna aliqua",6,2025-01-01T18:10:10Z
288,"Record 288 Lorem ipsum dolor sit amet consectetur adipiscing elit sed do eiusmod tempor incididunt ut labore et dolore magna aliqua",1,2025-01-01T01:54:55Z
289,"Record 289 Lorem ipsum dolor sit amet consectetur adipiscing elit sed do eiusmod tempor incididunt ut labore et dolore magna aliqua",9,2025-01-01T07:47:26Z
290,"Record 290 Lorem ipsum dolor sit amet consectetur adipiscing elit sed do eiusmod tempor incididunt ut labore et dolore magna aliqua",9,2025-01-01T11:26:10Z
291,"Record 291 Lorem ipsum dolor sit amet consectetur adipiscing elit sed do eiusmod tempor incididunt ut labore et dolore magna aliqua",5,2025-01-01T01:53:48Z
292,"Record 292 Lorem ipsum dolor sit amet consectetur adipiscing elit sed do eiusmod tempor incididunt ut labore et dolore magna aliqua",5,2025-01-01T21:59:41Z
293,"Record 293 Lorem ipsum dolor sit amet consectetur adipiscing elit sed do eiusmod tempor incididunt ut labore et dolore magna aliqua",0,2025-01-01T06:33:11Z
294,"Record 294 Lorem ipsum dolor sit amet consectetur adipiscing elit sed do eiusmod tempor incididunt ut labore et dolore magna aliqua",6,2025-01-01T17:14:49Z
295,"Record 295 Lorem ipsum dolor sit amet consectetur adipiscing elit sed do eiusmod tempor incididunt ut labore et dolore magna aliqua",7,2025-01-01T01:42:08Z
296,"Record 296 Lorem ipsum dolor sit amet consectetur adipiscing elit sed do eiusmod tempor incididunt ut labore et dolore magna aliqua",2,2025-01-01T05:42:57Z
297,"Record 297 Lorem ipsum dolor sit amet consectetur adipiscing elit sed do eiusmod tempor incididunt ut labore et dolore magna aliqua",8,2025-01-01T17:32:43Z
298,"Record 298 Lorem ipsum dolor sit amet consectetur adipiscing elit sed do eiusmod tempor incididunt ut labore et dolore magna aliqua",8,2025-01-01T18:17:00Z
299,"Record 299 Lorem ipsum dolor sit amet consectetur adipiscing elit sed do eiusmod tempor incididunt ut labore et dolore magna aliqua",3,2025-01-01T18:02:15Z
300,"Record 300 Lorem ipsum dolor sit amet consectetur adipiscing elit sed do eiusmod tempor incididunt ut labore et dolore magna aliqua",9,2025-01-01T16:46:13Z
301,"Record 301 Lorem ipsum dolor sit amet consectetur adipiscing elit sed do eiusmod tempor incididunt ut labore et dolore magna aliqua",3,2025-01-01T19:22:03Z
302,"Record 302 Lorem ipsum dolor sit amet consectetur adipiscing elit sed do eiusmod tempor incididunt ut labore et dolore magna aliqua",6,2025-01-01T13:16:03Z
303,"Record 303 Lorem ipsum dolor sit amet consectetur adipiscing elit sed do eiusmod tempor incididunt ut labore et dolore magna aliqua",4,2025-01-01T04:10:03Z
304,"Record 304 Lorem ipsum dolor sit amet consectetur adipiscing elit sed do eiusmod tempor incididunt ut labore et dolore magna aliqua",9,2025-01-01T04:41:18Z
305,"Record 305 Lorem ipsum dolor sit amet consectetur adipiscing elit sed do eiusmod tempor incididunt ut labore et dolore magna aliqua",1,2025-01-01T11:33:07Z
306,"Record 306 Lorem ipsum dolor sit amet consectetur adipiscing elit sed do eiusmod tempor incididunt ut labore et dolore magna aliqua",4,2025-01-01T10:55:37Z
307,"Record 307 Lorem ipsum dolor sit amet consectetur adipiscing elit sed do eiusmod tempor incididunt ut labore et dolore magna aliqua",3,2025-01-01T02:44:10Z
308,"Record 308 Lorem ipsum dolor sit amet consectetur adipiscing elit sed do eiusmod tempor incididunt ut labore et dolore magna aliqua",9,2025-01-01T07:18:09Z
309,"Record 309 Lorem ipsum dolor sit amet consectetur adipiscing elit sed do eiusmod tempor incididunt ut labore et dolore magna aliqua",8,2025-01-01T17:45:52Z
310,"Record 310 Lorem ipsum dolor sit amet consectetur adipiscing elit sed do eiusmod tempor incididunt ut labore et dolore magna aliqua",7,2025-01-01T16:32:43Z
311,"Record 311 Lorem ipsum dolor sit amet consectetur adipiscing elit sed do eiusmod tempor incididunt ut labore et dolore magna aliqua",7,2025-01-01T03:52:54Z
312,"Record 312 Lorem ipsum dolor sit amet consectetur adipiscing elit sed do eiusmod tempor incididunt ut labore et dolore magna aliqua",6,2025-01-01T21:53:29Z
313,"Record 313 Lorem ipsum dolor sit amet consectetur adipiscing elit sed do eiusmod tempor incididunt ut labore et dolore magna aliqua",1,2025-01-01T05:23:52Z
314,"Record 314 Lorem ipsum dolor sit amet consectetur adipiscing elit sed do eiusmod tempor incididunt ut labore et dolore magna aliqua",4,2025-01-01T08:45:24Z
315,"Record 315 Lorem ipsum dolor sit amet consectetur adipiscing elit sed do eiusmod tempor incididunt ut labore et dolore magna aliqua",7,2025-01-01T05:18:00Z
316,"Record 316 Lorem ipsum dolor sit amet consectetur adipiscing elit sed do eiusmod tempor incididunt ut labore et dolore magna aliqua",5,2025-01-01T03:32:51Z
317,"Record 317 Lorem ipsum dolor sit amet consectetur adipiscing elit sed do eiusmod tempor incididunt ut labore et dolore magna aliqua",0,2025-01-01T07:40:41Z
318,"Record 318 Lorem ipsum dolor sit amet consectetur adipiscing elit sed do eiusmod tempor incididunt ut labore et dolore magna aliqua",7,2025-01-01T07:02:57Z
319,"Record 319 Lorem ipsum dolor sit amet consectetur adipiscing elit sed do eiusmod tempor incididunt ut labore et dolore magna aliqua",4,2025-01-01T21:08:31Z
320,"Record 320 Lorem ipsum dolor sit amet consectetur adipiscing elit sed do eiusmod tempor incididunt ut labore et dolore magna aliqua",8,2025-01-01T21:58:41Z
321,"Record 321 Lorem ipsum dolor sit amet consectetur adipiscing elit sed do eiusmod tempor incididunt ut labore et dolore magna aliqua",0,2025-01-01T16:30:26Z
322,"Record 322 Lorem ipsum dolor sit amet consectetur adipiscing elit sed do eiusmod tempor incididunt ut labore et dolore magna aliqua",1,2025-01-01T17:57:24Z
323,"Record 323 Lorem ipsum dolor sit amet consectetur adipiscing elit sed do eiusmod tempor incididunt ut labore et dolore magna aliqua",3,2025-01-01T13:53:18Z
324,"Record 324 Lorem ipsum dolor sit amet consectetur adipiscing elit sed do eiusmod tempor incididunt ut labore et dolore magna aliqua",0,2025-01-01T16:21:24Z
325,"Record 325 Lorem ipsum dolor sit amet consectetur adipiscing elit sed do eiusmod tempor incididunt ut labore et dolore magna aliqua",2,2025-01-01T10:50:44Z
326,"Record 326 Lorem ipsum dolor sit amet consectetur adipiscing elit sed do eiusmod tempor incididunt ut labore et dolore magna aliqua",6,2025-01-01T23:26:08Z
327,"Record 327 Lorem ipsum dolor sit amet consectetur adipiscing elit sed do eiusmod tempor incididunt ut labore et dolore magna aliqua",2,2025-01-01T08:23:49Z
328,"Record 328 Lorem ipsum dolor sit amet consectetur adipiscing elit sed do eiusmod tempor incididunt ut labore et dolore magna aliqua",0,2025-01-01T09:35:23Z
329,"Record 329 Lorem ipsum dolor sit amet consectetur adipiscing elit sed do eiusmod tempor incididunt ut labore et dolore magna aliqua",0,2025-01-01T11:51:22Z
330,"Record 330 Lorem ipsum dolor sit amet consectetur adipiscing elit sed do eiusmod tempor incididunt ut labore et dolore magna aliqua",1,2025-01-01T23:59:23Z
331,"Record 331 Lorem ipsum dolor sit amet consectetur adipiscing elit sed do eiusmod tempor incididunt ut labore et dolore magna aliqua",8,2025-01-01T19:00:50Z
332,"Record 332 Lorem ipsum dolor sit amet consectetur adipiscing elit sed do eiusmod tempor incididunt ut labore et dolore magna aliqua",8,2025-01-01T03:31:39Z
333,"Record 333 Lorem ipsum dolor sit amet consectetur adipiscing elit sed do eiusmod tempor incididunt ut labore et dolore magna aliqua",4,2025-01-01T13:47:01Z
334,"Record 334 Lorem ipsum dolor sit amet consectetur adipiscing elit sed do eiusmod tempor incididunt ut labore et dolore magna aliqua",9,2025-01-01T05:31:48Z
335,"Record 335 Lorem ipsum dolor sit amet consectetur adipiscing elit sed do eiusmod tempor incididunt ut labore et dolore magna aliqua",2,2025-01-01T14:59:48Z
336,"Record 336 Lorem ipsum dolor sit amet consectetur adipiscing elit sed do eiusmod tempor incididunt ut labore et dolore magna aliqua",3,2025-01-01T09:44:47Z
337,"Record 337 Lorem ipsum dolor sit amet consectetur adipiscing elit sed do eiusmod tempor incididunt ut labore et dolore magna aliqua",3,2025-01-01T03:32:10Z
338,"Record 338 Lorem ipsum dolor sit amet consectetur adipiscing elit sed do eiusmod tempor incididunt ut labore et dolore magna aliqua",5,2025-01-01T16:17:37Z
339,"Record 339 Lorem ipsum dolor sit amet consectetur adipiscing elit sed do eiusmod tempor incididunt ut labore et dolore magna aliqua",2,2025-01-01T12:41:06Z
340,"Record 340 Lorem ipsum dolor sit amet consectetur adipiscing elit sed do eiusmod tempor incididunt ut labore et dolore magna aliqua",8,2025-01-01T11:59:24Z
341,"Record 341 Lorem ipsum dolor sit amet consectetur adipiscing elit sed do eiusmod tempor incididunt ut labore et dolore magna aliqua",4,2025-01-01T21:14:49Z
342,"Record 342 Lorem ipsum dolor sit amet consectetur adipiscing elit sed do eiusmod tempor incididunt ut labore et dolore magna aliqua",5,2025-01-01T09:42:52Z
343,"Record 343 Lorem ipsum dolor sit amet consectetur adipiscing elit sed do eiusmod tempor incididunt ut labore et dolore magna aliqua",9,2025-01-01T02:46:43Z
344,"Record 344 Lorem ipsum dolor sit amet consectetur adipiscing elit sed do eiusmod tempor incididunt ut labore et dolore magna aliqua",2,2025-01-01T09:29:40Z
345,"Record 345 Lorem ipsum dolor sit amet consectetur adipiscing elit sed do eiusmod tempor incididunt ut labore et dolore magna aliqua",4,2025-01-01T23:08:29Z
346,"Record 346 Lorem ipsum dolor sit amet consectetur adipiscing elit sed do eiusmod tempor incididunt ut labore et dolore magna aliqua",8,2025-01-01T04:11:55Z
347,"Record 347 Lorem ipsum dolor sit amet consectetur adipiscing elit sed do eiusmod tempor incididunt ut labore et dolore magna aliqua",8,2025-01-01T07:31:50Z
348,"Record 348 Lorem ipsum dolor sit amet consectetur adipiscing elit sed do eiusmod tempor incididunt ut labore et dolore magna aliqua",2,2025-01-01T18:35:18Z
349,"Record 349 Lorem ipsum dolor sit amet consectetur adipiscing elit sed do eiusmod tempor incididunt ut labore et dolore magna aliqua",4,2025-01-01T06:18:05Z
350,"Record 350 Lorem ipsum dolor sit amet consectetur adipiscing elit sed do eiusmod tempor incididunt ut labore et dolore magna aliqua",5,2025-01-01T13:08:10Z
351,"Record 351 Lorem ipsum dolor sit amet consectetur adipiscing elit sed do eiusmod tempor incididunt ut labore et dolore magna aliqua",3,2025-01-01T01:07:37Z
352,"Record 352 Lorem ipsum dolor sit amet consectetur adipiscing elit sed do eiusmod tempor incididunt ut labore et dolore magna aliqua",5,2025-01-01T19:10:48Z
353,"Record 353 Lorem ipsum dolor sit amet consectetur adipiscing elit sed do eiusmod tempor incididunt ut labore et dolore magna aliqua",3,2025-01-01T23:57:28Z
354,"Record 354 Lorem ipsum dolor sit amet consectetur adipiscing elit sed do eiusmod tempor incididunt ut labore et dolore magna aliqua",7,2025-01-01T15:23:44Z
355,"Record 355 Lorem ipsum dolor sit amet consectetur adipiscing elit sed do eiusmod tempor incididunt ut labore et dolore magna aliqua",2,2025-01-01T03:50:45Z
356,"Record 356 Lorem ipsum dolor sit amet consectetur adipiscing elit sed do eiusmod tempor incididunt ut labore et dolore magna aliqua",9,2025-01-01T00:30:17Z
357,"Record 357 Lorem ipsum dolor sit amet consectetur adipiscing elit sed do eiusmod tempor incididunt ut labore et dolore magna aliqua",9,2025-01-01T15:28:33Z
358,"Record 358 Lorem ipsum dolor sit amet consectetur adipiscing elit sed do eiusmod tempor incididunt ut labore et dolore magna aliqua",4,2025-01-01T20:59:14Z
359,"Record 359 Lorem ipsum dolor sit amet consectetur adipiscing elit sed do eiusmod tempor incididunt ut labore et dolore magna aliqua",4,2025-01-01T08:26:38Z
360,"Record 360 Lorem ipsum dolor sit amet consectetur adipiscing elit sed do eiusmod tempor incididunt ut labore et dolore magna aliqua",3,2025-01-01T18:42:51Z
361,"Record 361 Lorem ipsum dolor sit amet consectetur adipiscing elit sed do eiusmod tempor incididunt ut labore et dolore magna aliqua",3,2025-01-01T12:10:51Z
362,"Record 362 Lorem ipsum dolor sit amet consectetur adipiscing elit sed do eiusmod tempor incididunt ut labore et dolore magna aliqua",8,2025-01-01T19:04:48Z
363,"Record 363 Lorem ipsum dolor sit amet consectetur adipiscing elit sed do eiusmod tempor incididunt ut labore et dolore magna aliqua",1,2025-01-01T16:27:31Z
364,"Record 364 Lorem ipsum dolor sit amet consectetur adipiscing elit sed do eiusmod tempor incididunt ut labore et dolore magna aliqua",4,2025-01-01T21:33:42Z
365,"Record 365 Lorem ipsum dolor sit amet consectetur adipiscing elit sed do eiusmod tempor incididunt ut labore et dolore magna aliqua",2,2025-01-01T00:58:41Z
366,"Record 366 Lorem ipsum dolor sit amet consectetur adipiscing elit sed do eiusmod tempor incididunt ut labore et dolore magna aliqua",8,2025-01-01T21:04:26Z
367,"Record 367 Lorem ipsum dolor sit amet consectetur adipiscing elit sed do eiusmod tempor incididunt ut labore et dolore magna aliqua",8,2025-01-01T01:42:28Z
368,"Record 368 Lorem ipsum dolor sit amet consectetur adipiscing elit sed do eiusmod tempor incididunt ut labore et dolore magna aliqua",8,2025-01-01T09:26:39Z
369,"Record 369 Lorem ipsum dolor sit amet consectetur adipiscing elit sed do eiusmod tempor incididunt ut labore et dolore magna aliqua",9,2025-01-01T14:28:26Z
370,"Record 370 Lorem ipsum dolor sit amet consectetur adipiscing elit sed do eiusmod tempor incididunt ut labore et dolore magna aliqua",7,2025-01-01T06:49:51Z
371,"Record 371 Lorem ipsum dolor sit amet consectetur adipiscing elit sed do eiusmod tempor incididunt ut labore et dolore magna aliqua",0,2025-01-01T05:07:55Z
372,"Record 372 Lorem ipsum dolor sit amet consectetur adipiscing elit sed do eiusmod tempor incididunt ut labore et dolore magna aliqua",9,2025-01-01T21:28:10Z
373,"Record 373 Lorem ipsum dolor sit amet consectetur adipiscing elit sed do eiusmod tempor incididunt ut labore et dolore magna aliqua",4,2025-01-01T02:21:24Z
374,"Record 374 Lorem ipsum dolor sit amet consectetur adipiscing elit sed do eiusmod tempor incididunt ut labore et dolore magna aliqua",6,2025-01-01T08:31:51Z
375,"Record 375 Lorem ipsum dolor sit amet consectetur adipiscing elit sed do eiusmod tempor incididunt ut labore et dolore magna aliqua",3,2025-01-01T02:58:20Z
376,"Record 376 Lorem ipsum dolor sit amet consectetur adipiscing elit sed do eiusmod tempor incididunt ut labore et dolore magna aliqua",0,2025-01-01T23:04:34Z
377,"Record 377 Lorem ipsum dolor sit amet consectetur adipiscing elit sed do eiusmod tempor incididunt ut labore et dolore magna aliqua",0,2025-01-01T05:16:42Z
378,"Record 378 Lorem ipsum dolor sit amet consectetur adipiscing elit sed do eiusmod tempor incididunt ut labore et dolore magna aliqua",3,2025-01-01T08:27:08Z
379,"Record 379 Lorem ipsum dolor sit amet consectetur adipiscing elit sed do eiusmod tempor incididunt ut labore et dolore magna aliqua",8,2025-01-01T14:20:11Z
380,"Record 380 Lorem ipsum dolor sit amet consectetur adipiscing elit sed do eiusmod tempor incididunt ut labore et dolore magna aliqua",8,2025-01-01T23:37:48Z
381,"Record 381 Lorem ipsum dolor sit amet consectetur adipiscing elit sed do eiusmod tempor incididunt ut labore et dolore magna aliqua",8,2025-01-01T13:40:53Z
382,"Record 382 Lorem ipsum dolor sit amet consectetur adipiscing elit sed do eiusmod tempor incididunt ut labore et dolore magna aliqua",6,2025-01-01T23:25:39Z
383,"Record 383 Lorem ipsum dolor sit amet consectetur adipiscing elit sed do eiusmod tempor incididunt ut labore et dolore magna aliqua",7,2025-01-01T04:23:50Z
384,"Record 384 Lorem ipsum dolor sit amet consectetur adipiscing elit sed do eiusmod tempor incididunt ut labore et dolore magna aliqua",5,2025-01-01T08:39:35Z
385,"Record 385 Lorem ipsum dolor sit amet consectetur adipiscing elit sed do eiusmod tempor incididunt ut labore et dolore magna aliqua",4,2025-01-01T21:46:27Z
386,"Record 386 Lorem ipsum dolor sit amet consectetur adipiscing elit sed do eiusmod tempor incididunt ut labore et dolore magna aliqua",2,2025-01-01T06:35:33Z
387,"Record 387 Lorem ipsum dolor sit amet consectetur adipiscing elit sed do eiusmod tempor incididunt ut labore et dolore magna aliqua",6,2025-01-01T14:42:31Z
388,"Record 388 Lorem ipsum dolor sit amet consectetur adipiscing elit sed do eiusmod tempor incididunt ut labore et dolore magna aliqua",3,2025-01-01T06:49:42Z
389,"Record 389 Lorem ipsum dolor sit amet consectetur adipiscing elit sed do eiusmod tempor incididunt ut labore et dolore magna aliqua",8,2025-01-01T05:30:13Z
390,"Record 390 Lorem ipsum dolor sit amet consectetur adipiscing elit sed do eiusmod tempor incididunt ut labore et dolore magna aliqua",2,2025-01-01T23:41:02Z
391,"Record 391 Lorem ipsum dolor sit amet consectetur adipiscing elit sed do eiusmod tempor incididunt ut labore et dolore magna aliqua",2,2025-01-01T00:49:43Z
392,"Record 392 Lorem ipsum dolor sit amet consectetur adipiscing elit sed do eiusmod tempor incididunt ut labore et dolore magna aliqua",7,2025-01-01T06:29:43Z
393,"Record 393 Lorem ipsum dolor sit amet consectetur adipiscing elit sed do eiusmod tempor incididunt ut labore et dolore magna aliqua",0,2025-01-01T11:45:17Z
394,"Record 394 Lorem ipsum dolor sit amet consectetur adipiscing elit sed do eiusmod tempor incididunt ut labore et dolore magna aliqua",3,2025-01-01T07:24:30Z
395,"Record 395 Lorem ipsum dolor sit amet consectetur adipiscing elit sed do eiusmod tempor incididunt ut labore et dolore magna aliqua",7,2025-01-01T09:40:33Z
396,"Record 396 Lorem ipsum dolor sit amet consectetur adipiscing elit sed do eiusmod tempor incididunt ut labore et dolore magna aliqua",6,2025-01-01T06:24:25Z
397,"Record 397 Lorem ipsum dolor sit amet consectetur adipiscing elit sed do eiusmod tempor incididunt ut labore et dolore magna aliqua",3,2025-01-01T02:41:36Z
398,"Record 398 Lorem ipsum dolor sit amet consectetur adipiscing elit sed do eiusmod tempor incididunt ut labore et dolore magna aliqua",7,2025-01-01T17:55:59Z
399,"Record 399 Lorem ipsum dolor sit amet consectetur adipiscing elit sed do eiusmod tempor incididunt ut labore et dolore magna aliqua",8,2025-01-01T13:49:16Z
400,"Record 400 Lorem ipsum dolor sit amet consectetur adipiscing elit sed do eiusmod tempor incididunt ut labore et dolore magna aliqua",6,2025-01-01T05:38:03Z
401,"Record 401 Lorem ipsum dolor sit amet consectetur adipiscing elit sed do eiusmod tempor incididunt ut labore et dolore magna aliqua",1,2025-01-01T07:40:20Z
402,"Record 402 Lorem ipsum dolor sit amet consectetur adipiscing elit sed do eiusmod tempor incididunt ut labore et dolore magna aliqua",1,2025-01-01T13:21:45Z
403,"Record 403 Lorem ipsum dolor sit amet consectetur adipiscing elit sed do eiusmod tempor incididunt ut labore et dolore magna aliqua",0,2025-01-01T20:41:01Z
404,"Record 404 Lorem ipsum dolor sit amet consectetur adipiscing elit sed do eiusmod tempor incididunt ut labore et dolore magna aliqua",9,2025-01-01T11:17:54Z
405,"Record 405 Lorem ipsum dolor sit amet consectetur adipiscing elit sed do eiusmod tempor incididunt ut labore et dolore magna aliqua",3,2025-01-01T07:52:59Z
406,"Record 406 Lorem ipsum dolor sit amet consectetur adipiscing elit sed do eiusmod tempor incididunt ut labore et dolore magna aliqua",5,2025-01-01T00:51:43Z
407,"Record 407 Lorem ipsum dolor sit amet consectetur adipiscing elit sed do eiusmod tempor incididunt ut labore et dolore magna aliqua",0,2025-01-01T15:43:42Z
408,"Record 408 Lorem ipsum dolor sit amet consectetur adipiscing elit sed do eiusmod tempor incididunt ut labore et dolore magna aliqua",0,2025-01-01T11:37:11Z
409,"Record 409 Lorem ipsum dolor sit amet consectetur adipiscing elit sed do eiusmod tempor incididunt ut labore et dolore magna aliqua",2,2025-01-01T11:18:33Z
410,"Record 410 Lorem ipsum dolor sit amet consectetur adipiscing elit sed do eiusmod tempor incididunt ut labore et dolore magna aliqua",2,2025-01-01T11:07:48Z
411,"Record 411 Lorem ipsum dolor sit amet consectetur adipiscing elit sed do eiusmod tempor incididunt ut labore et dolore magna aliqua",9,2025-01-01T23:14:12Z
412,"Record 412 Lorem ipsum dolor sit amet consectetur adipiscing elit sed do eiusmod tempor incididunt ut labore et dolore magna aliqua",5,2025-01-01T16:14:36Z
413,"Record 413 Lorem ipsum dolor sit amet consectetur adipiscing elit sed do eiusmod tempor incididunt ut labore et dolore magna aliqua",7,2025-01-01T17:48:09Z
414,"Record 414 Lorem ipsum dolor sit amet consectetur adipiscing elit sed do eiusmod tempor incididunt ut labore et dolore magna aliqua",7,2025-01-01T10:32:38Z
415,"Record 415 Lorem ipsum dolor sit amet consectetur adipiscing elit sed do eiusmod tempor incididunt ut labore et dolore magna aliqua",5,2025-01-01T02:49:40Z
416,"Record 416 Lorem ipsum dolor sit amet consectetur adipiscing elit sed do eiusmod tempor incididunt ut labore et dolore magna aliqua",1,2025-01-01T12:47:09Z
417,"Record 417 Lorem ipsum dolor sit amet consectetur adipiscing elit sed do eiusmod tempor incididunt ut labore et dolore magna aliqua",0,2025-01-01T08:09:46Z
418,"Record 418 Lorem ipsum dolor sit amet consectetur adipiscing elit sed do eiusmod tempor incididunt ut labore et dolore magna aliqua",3,2025-01-01T04:05:16Z
419,"Record 419 Lorem ipsum dolor sit amet consectetur adipiscing elit sed do eiusmod tempor incididunt ut labore et dolore magna aliqua",3,2025-01-01T21:59:53Z
420,"Record 420 Lorem ipsum dolor sit amet consectetur adipiscing elit sed do eiusmod tempor incididunt ut labore et dolore magna aliqua",7,2025-01-01T03:43:39Z
421,"Record 421 Lorem ipsum dolor sit amet consectetur adipiscing elit sed do eiusmod tempor incididunt ut labore et dolore magna aliqua",5,2025-01-01T18:25:13Z
422,"Record 422 Lorem ipsum dolor sit amet consectetur adipiscing elit sed do eiusmod tempor incididunt ut labore et dolore magna aliqua",3,2025-01-01T10:53:46Z
423,"Record 423 Lorem ipsum dolor sit amet consectetur adipiscing elit sed do eiusmod tempor incididunt ut labore et dolore magna aliqua",4,2025-01-01T20:04:54Z
424,"Record 424 Lorem ipsum dolor sit amet consectetur adipiscing elit sed do eiusmod tempor incididunt ut labore et dolore magna aliqua",7,2025-01-01T09:13:07Z
425,"Record 425 Lorem ipsum dolor sit amet consectetur adipiscing elit sed do eiusmod tempor incididunt ut labore et dolore magna aliqua",1,2025-01-01T07:16:38Z
426,"Record 426 Lorem ipsum dolor sit amet consectetur adipiscing elit sed do eiusmod tempor incididunt ut labore et dolore magna aliqua",5,2025-01-01T01:05:03Z
427,"Record 427 Lorem ipsum dolor sit amet consectetur adipiscing elit sed do eiusmod tempor incididunt ut labore et dolore magna aliqua",6,2025-01-01T10:32:32Z
428,"Record 428 Lorem ipsum dolor sit amet consectetur adipiscing elit sed do eiusmod tempor incididunt ut labore et dolore magna aliqua",9,2025-01-01T14:40:08Z
429,"Record 429 Lorem ipsum dolor sit amet consectetur adipiscing elit sed do eiusmod tempor incididunt ut labore et dolore magna aliqua",2,2025-01-01T03:54:30Z
430,"Record 430 Lorem ipsum dolor sit amet consectetur adipiscing elit sed do eiusmod tempor incididunt ut labore et dolore magna aliqua",2,2025-01-01T12:05:48Z
431,"Record 431 Lorem ipsum dolor sit amet consectetur adipiscing elit sed do eiusmod tempor incididunt ut labore et dolore magna aliqua",4,2025-01-01T17:57:12Z
432,"Record 432 Lorem ipsum dolor sit amet consectetur adipiscing elit sed do eiusmod tempor incididunt ut labore et dolore magna aliqua",0,2025-01-01T18:12:52Z
433,"Record 433 Lorem ipsum dolor sit amet consectetur adipiscing elit sed do eiusmod tempor incididunt ut labore et dolore magna aliqua",4,2025-01-01T10:54:13Z
434,"Record 434 Lorem ipsum dolor sit amet consectetur adipiscing elit sed do eiusmod tempor incididunt ut labore et dolore magna aliqua",5,2025-01-01T14:33:00Z
435,"Record 435 Lorem ipsum dolor sit amet consectetur adipiscing elit sed do eiusmod tempor incididunt ut labore et dolore magna aliqua",1,2025-01-01T15:04:07Z
436,"Record 436 Lorem ipsum dolor sit amet consectetur adipiscing elit sed do eiusmod tempor incididunt ut labore et dolore magna aliqua",5,2025-01-01T02:14:21Z
437,"Record 437 Lorem ipsum dolor sit amet consectetur adipiscing elit sed do eiusmod tempor incididunt ut labore et dolore magna aliqua",2,2025-01-01T23:58:34Z
438,"Record 438 Lorem ipsum dolor sit amet consectetur adipiscing elit sed do eiusmod tempor incididunt ut labore et dolore magna aliqua",5,2025-01-01T15:29:07Z
439,"Record 439 Lorem ipsum dolor sit amet consectetur adipiscing elit sed do eiusmod tempor incididunt ut labore et dolore magna aliqua",6,2025-01-01T06:13:54Z
440,"Record 440 Lorem ipsum dolor sit amet consectetur adipiscing elit sed do eiusmod tempor incididunt ut labore et dolore magna aliqua",0,2025-01-01T20:12:00Z
441,"Record 441 Lorem ipsum dolor sit amet consectetur adipiscing elit sed do eiusmod tempor incididunt ut labore et dolore magna aliqua",2,2025-01-01T23:57:53Z
442,"Record 442 Lorem ipsum dolor sit amet consectetur adipiscing elit sed do eiusmod tempor incididunt ut labore et dolore magna aliqua",7,2025-01-01T16:52:58Z
443,"Record 443 Lorem ipsum dolor sit amet consectetur adipiscing elit sed do eiusmod tempor incididunt ut labore et dolore magna aliqua",7,2025-01-01T12:15:08Z
444,"Record 444 Lorem ipsum dolor sit amet consectetur adipiscing elit sed do eiusmod tempor incididunt ut labore et dolore magna aliqua",4,2025-01-01T15:23:58Z
445,"Record 445 Lorem ipsum dolor sit amet consectetur adipiscing elit sed do eiusmod tempor incididunt ut labore et dolore magna aliqua",0,2025-01-01T07:26:58Z
446,"Record 446 Lorem ipsum dolor sit amet consectetur adipiscing elit sed do eiusmod tempor incididunt ut labore et dolore magna aliqua",4,2025-01-01T13:42:16Z
447,"Record 447 Lorem ipsum dolor sit amet consectetur adipiscing elit sed do eiusmod tempor incididunt ut labore et dolore magna aliqua",1,2025-01-01T08:44:28Z
448,"Record 448 Lorem ipsum dolor sit amet consectetur adipiscing elit sed do eiusmod tempor incididunt ut labore et dolore magna aliqua",5,2025-01-01T00:56:13Z
449,"Record 449 Lorem ipsum dolor sit amet consectetur adipiscing elit sed do eiusmod tempor incididunt ut labore et dolore magna aliqua",7,2025-01-01T12:02:12Z
450,"Record 450 Lorem ipsum dolor sit amet consectetur adipiscing elit sed do eiusmod tempor incididunt ut labore et dolore magna aliqua",3,2025-01-01T11:41:04Z
451,"Record 451 Lorem ipsum dolor sit amet consectetur adipiscing elit sed do eiusmod tempor incididunt ut labore et dolore magna aliqua",9,2025-01-01T22:59:09Z
452,"Record 452 Lorem ipsum dolor sit amet consectetur adipiscing elit sed do eiusmod tempor incididunt ut labore et dolore magna aliqua",5,2025-01-01T14:32:35Z
453,"Record 453 Lorem ipsum dolor sit amet consectetur adipiscing elit sed do eiusmod tempor incididunt ut labore et dolore magna aliqua",7,2025-01-01T01:05:36Z
454,"Record 454 Lorem ipsum dolor sit amet consectetur adipiscing elit sed do eiusmod tempor incididunt ut labore et dolore magna aliqua",0,2025-01-01T03:25:23Z
455,"Record 455 Lorem ipsum dolor sit amet consectetur adipiscing elit sed do eiusmod tempor incididunt ut labore et dolore magna aliqua",6,2025-01-01T17:55:26Z
456,"Record 456 Lorem ipsum dolor sit amet consectetur adipiscing elit sed do eiusmod tempor incididunt ut labore et dolore magna aliqua",7,2025-01-01T07:38:41Z
457,"Record 457 Lorem ipsum dolor sit amet consectetur adipiscing elit sed do eiusmod tempor incididunt ut labore et dolore magna aliqua",1,2025-01-01T06:38:00Z
458,"Record 458 Lorem ipsum dolor sit amet consectetur adipiscing elit sed do eiusmod tempor incididunt ut labore et dolore magna aliqua",4,2025-01-01T23:26:32Z
459,"Record 459 Lorem ipsum dolor sit amet consectetur adipiscing elit sed do eiusmod tempor incididunt ut labore et dolore magna aliqua",7,2025-01-01T07:25:18Z
460,"Record 460 Lorem ipsum dolor sit amet consectetur adipiscing elit sed do eiusmod tempor incididunt ut labore et dolore magna aliqua",7,2025-01-01T15:02:16Z
461,"Record 461 Lorem ipsum dolor sit amet consectetur adipiscing elit sed do eiusmod tempor incididunt ut labore et dolore magna aliqua",7,2025-01-01T03:28:07Z
462,"Record 462 Lorem ipsum dolor sit amet consectetur adipiscing elit sed do eiusmod tempor incididunt ut labore et dolore magna aliqua",7,2025-01-01T07:39:12Z
463,"Record 463 Lorem ipsum dolor sit amet consectetur adipiscing elit sed do eiusmod tempor incididunt ut labore et dolore magna aliqua",1,2025-01-01T18:49:00Z
464,"Record 464 Lorem ipsum dolor sit amet consectetur adipiscing elit sed do eiusmod tempor incididunt ut labore et dolore magna aliqua",4,2025-01-01T20:30:15Z
465,"Record 465 Lorem ipsum dolor sit amet consectetur adipiscing elit sed do eiusmod tempor incididunt ut labore et dolore magna aliqua",5,2025-01-01T20:15:12Z
466,"Record 466 Lorem ipsum dolor sit amet consectetur adipiscing elit sed do eiusmod tempor incididunt ut labore et dolore magna aliqua",0,2025-01-01T00:05:17Z
467,"Record 467 Lorem ipsum dolor sit amet consectetur adipiscing elit sed do eiusmod tempor incididunt ut labore et dolore magna aliqua",5,2025-01-01T16:21:34Z
468,"Record 468 Lorem ipsum dolor sit amet consectetur adipiscing elit sed do eiusmod tempor incididunt ut labore et dolore magna aliqua",9,2025-01-01T21:35:51Z
469,"Record 469 Lorem ipsum dolor sit amet consectetur adipiscing elit sed do eiusmod tempor incididunt ut labore et dolore magna aliqua",4,2025-01-01T23:59:39Z
470,"Record 470 Lorem ipsum dolor sit amet consectetur adipiscing elit sed do eiusmod tempor incididunt ut labore et dolore magna aliqua",2,2025-01-01T16:00:42Z
471,"Record 471 Lorem ipsum dolor sit amet consectetur adipiscing elit sed do eiusmod tempor incididunt ut labore et dolore magna aliqua",8,2025-01-01T12:40:35Z
472,"Record 472 Lorem ipsum dolor sit amet consectetur adipiscing elit sed do eiusmod tempor incididunt ut labore et dolore magna aliqua",5,2025-01-01T02:50:23Z
473,"Record 473 Lorem ipsum dolor sit amet consectetur adipiscing elit sed do eiusmod tempor incididunt ut labore et dolore magna aliqua",8,2025-01-01T08:03:55Z
474,"Record 474 Lorem ipsum dolor sit amet consectetur adipiscing elit sed do eiusmod tempor incididunt ut labore et dolore magna aliqua",5,2025-01-01T20:03:50Z
475,"Record 475 Lorem ipsum dolor sit amet consectetur adipiscing elit sed do eiusmod tempor incididunt ut labore et dolore magna aliqua",7,2025-01-01T16:48:25Z
476,"Record 476 Lorem ipsum dolor sit amet consectetur adipiscing elit sed do eiusmod tempor incididunt ut labore et dolore magna aliqua",4,2025-01-01T08:05:06Z
477,"Record 477 Lorem ipsum dolor sit amet consectetur adipiscing elit sed do eiusmod tempor incididunt ut labore et dolore magna aliqua",2,2025-01-01T21:54:46Z
478,"Record 478 Lorem ipsum dolor sit amet consectetur adipiscing elit sed do eiusmod tempor incididunt ut labore et dolore magna aliqua",5,2025-01-01T19:40:50Z
